<!--
  ~ Copyright (C)  2017-2018 Tran Le Duy
  ~
  ~  This program is free software: you can redistribute it and/or modify
  ~  it under the terms of the GNU General Public License as published by
  ~  the Free Software Foundation, either version 3 of the License, or
  ~  (at your option) any later version.
  ~
  ~  This program is distributed in the hope that it will be useful,
  ~  but WITHOUT ANY WARRANTY; without even the implied warranty of
  ~  MERCHANTABILITY or FITNESS FOR A PARTICULAR PURPOSE.  See the
  ~  GNU General Public License for more details.
  ~
  ~  You should have received a copy of the GNU General Public License
  ~  along with this program.  If not, see <http://www.gnu.org/licenses/>.
  -->

<resources>
    <string-array name="caesar_choices">
        <item>All</item>
        <item>1</item>
        <item>2</item>
        <item>3</item>
        <item>4</item>
        <item>5</item>
        <item>6</item>
        <item>7</item>
        <item>8</item>
        <item>9</item>
        <item>10</item>
        <item>11</item>
        <item>12</item>
        <item>13</item>
        <item>14</item>
        <item>15</item>
        <item>16</item>
        <item>17</item>
        <item>18</item>
        <item>19</item>
        <item>20</item>
        <item>21</item>
        <item>22</item>
        <item>23</item>
        <item>24</item>
        <item>25</item>
        <item>26</item>
    </string-array>
</resources>
