{
  "apps": [
    {
      "name": "NCALC FX - Natural Display Calculator",
      "icon_url": "https://lh3.googleusercontent.com/M4xTftd4qkXhPDdLLlvHwmQj8GBrH18VKhc0NZRelab2GDCagpLEKJfjaw4AnBEjFKM=w300-rw",
      "wall_url": "https://lh3.googleusercontent.com/TkV4FBC5cU4YmrPcRN3umHWieTBhHxdKfelIdUu_22v7a9ZoLBnHthXLnutB1eFmzVmnAjdrHwWaIOqeFnV24qk=h500",
      "package": "com.duy.calc.casio"
    },
    {
      "name": "Unit Converter, Smart Tools",
      "icon_url": "https://lh3.googleusercontent.com/jmhTwXkLDtvv2Pu6n9kAF-s-gYKDGTOUhmVF1qYGRcKNaQLxsgPUf7e1JVVtCnL03jOd=w300-rw",
      "wall_url": "https://lh3.googleusercontent.com/nJcF01Lo6UdKRu18AO_atkEnfSY64KTW2nklOCtHoUXfZIm2Ra12gJnp1_tN-MB28MtVRgaSNPdOwp8yGAeRA-zm=h500",
      "package": "com.duy.converter"
    },
    {
      "name": "Text Converter - Codec - Stylish Text",
      "icon_url": "https://lh3.googleusercontent.com/37a4cn4qvP4c4OxgusdNq1JO07F2KIuOyQHDQz4BgmZibGby-EreOsTfdhXNQpm32jY=w300-rw",
      "wall_url": "https://lh3.googleusercontent.com/yKvXRM2ohJisZoon7JnMfeAWoaXWLbVWpQI57Fl0K93U13oveFQGkZcefbPks3fxmOrhDQsAn6xexnTLZnXx76k=h500",
      "package": "duy.com.text_converter"
    },
    {
      "name": "Pascal N-IDE (No Ads)",
      "icon_url": "https://lh3.googleusercontent.com/ozEQ-6GjP0ZagiX-nLLubEwpEniqYyHqIUeYIVAPkBAsZ8p-Lgo04CaY9UPeruDynfUx=w300-rw",
      "wall_url": "https://lh3.googleusercontent.com/zFGnxzrqoWWz6Yh1KsSrb2jn8IgxGbz6RLFo1Y7VSGevjGKAMK5WT72fiTcY8_exH1PaxcMYrroD5rainldMlA=h500",
      "package": "com.duy.pascal.compiler"
    },
    {
      "name": "N-CALC (No Ads)",
      "icon_url": "https://lh3.googleusercontent.com/g-oo-nmI2vaPVjd4YYqXAnaOCmRuFR4GYgBRdeiXmxrfF-VcUlcz_VEkPGwlPHTTwA=w300-rw",
      "wall_url": "https://lh3.googleusercontent.com/nTWqsq5fy-eRrBgGQI3w4llYf2JRfQ-WEMYfXQXaloP1dmqc5sdHaCBEnzNa25Z8Ek4cfr2CQbbvo-03yBfM3p4B=h500",
      "package": "com.duy.calculator.free"
    }
  ]
}