{"v":"5.6.5","fr":25,"ip":0,"op":76,"w":1100,"h":1600,"nm":"Comp 1","ddd":0,"assets":[],"layers":[{"ddd":0,"ind":1,"ty":1,"nm":"White Solid 5","sr":1,"ks":{"o":{"a":1,"k":[{"i":{"x":[0.833],"y":[0.833]},"o":{"x":[0.167],"y":[0.167]},"t":0,"s":[0]},{"i":{"x":[0.833],"y":[0.833]},"o":{"x":[0.167],"y":[0.167]},"t":25,"s":[100]},{"t":75,"s":[0]}],"ix":11},"r":{"a":0,"k":0,"ix":10},"p":{"a":1,"k":[{"i":{"x":0.833,"y":0.833},"o":{"x":0.167,"y":0.167},"t":0,"s":[550,861,0],"to":[0,-10.167,0],"ti":[0,41,0]},{"i":{"x":0.833,"y":0.833},"o":{"x":0.167,"y":0.167},"t":25,"s":[550,800,0],"to":[0,-19.8,0],"ti":[0,36.061,0]},{"t":75,"s":[550,707.508,0]}],"ix":2},"a":{"a":0,"k":[550,800,0],"ix":1},"s":{"a":0,"k":[100,100,100],"ix":6}},"ao":0,"hasMask":true,"masksProperties":[{"inv":false,"mode":"f","pt":{"a":0,"k":{"i":[[0.475,-10.439],[10.439,0.475],[-0.475,10.439],[-10.439,-0.475]],"o":[[-0.475,10.439],[-10.439,-0.475],[0.475,-10.439],[10.439,0.475]],"v":[[326.292,329.688],[306.531,347.73],[288.489,327.968],[308.25,309.926]],"c":true},"ix":1},"o":{"a":0,"k":100,"ix":3},"x":{"a":0,"k":0,"ix":4},"nm":"Mask 46"}],"sw":1100,"sh":1600,"sc":"#ffffff","ip":0,"op":76,"st":0,"bm":0},{"ddd":0,"ind":2,"ty":4,"nm":"Shape Layer 1","sr":1,"ks":{"o":{"a":1,"k":[{"i":{"x":[0.833],"y":[0.833]},"o":{"x":[0.167],"y":[0.167]},"t":47,"s":[100]},{"i":{"x":[0.833],"y":[0.833]},"o":{"x":[0.167],"y":[0.167]},"t":62,"s":[0]},{"t":63,"s":[100]}],"ix":11},"r":{"a":0,"k":0,"ix":10},"p":{"s":true,"x":{"a":1,"k":[{"i":{"x":[0.996],"y":[1]},"o":{"x":[0.004],"y":[0]},"t":0,"s":[613.625]},{"i":{"x":[0.75],"y":[1]},"o":{"x":[0.25],"y":[0]},"t":62,"s":[613.625]},{"i":{"x":[0.979],"y":[1]},"o":{"x":[0.021],"y":[0]},"t":63,"s":[613.625]},{"t":75,"s":[613.625]}],"ix":3},"y":{"a":1,"k":[{"i":{"x":[0.833],"y":[0.833]},"o":{"x":[0.167],"y":[0.167]},"t":0,"s":[357.25]},{"i":{"x":[0.833],"y":[0.833]},"o":{"x":[0.167],"y":[0.167]},"t":62,"s":[177.25]},{"i":{"x":[0.833],"y":[0.833]},"o":{"x":[0.167],"y":[0.167]},"t":63,"s":[397.25]},{"t":75,"s":[359.25]}],"ix":4}},"a":{"a":0,"k":[145.125,-510.875,0],"ix":1},"s":{"a":0,"k":[79.747,79.747,100],"ix":6}},"ao":0,"shapes":[{"ty":"gr","it":[{"d":1,"ty":"el","s":{"a":0,"k":[20,20],"ix":2},"p":{"a":0,"k":[0,0],"ix":3},"nm":"Ellipse Path 1","mn":"ADBE Vector Shape - Ellipse","hd":false},{"ty":"st","c":{"a":0,"k":[1,1,1,1],"ix":3},"o":{"a":0,"k":100,"ix":4},"w":{"a":0,"k":2,"ix":5},"lc":1,"lj":1,"ml":4,"bm":0,"nm":"Stroke 1","mn":"ADBE Vector Graphic - Stroke","hd":false},{"ty":"tr","p":{"a":0,"k":[145,-511],"ix":2},"a":{"a":0,"k":[0,0],"ix":1},"s":{"a":0,"k":[100,100],"ix":3},"r":{"a":0,"k":0,"ix":6},"o":{"a":0,"k":100,"ix":7},"sk":{"a":0,"k":0,"ix":4},"sa":{"a":0,"k":0,"ix":5},"nm":"Transform"}],"nm":"Ellipse 1","np":3,"cix":2,"bm":0,"ix":1,"mn":"ADBE Vector Group","hd":false}],"ip":0,"op":76,"st":0,"bm":0},{"ddd":0,"ind":3,"ty":1,"nm":"White Solid 8","sr":1,"ks":{"o":{"a":1,"k":[{"i":{"x":[0.833],"y":[0.833]},"o":{"x":[0.167],"y":[0.167]},"t":0,"s":[100]},{"i":{"x":[0.833],"y":[0.833]},"o":{"x":[0.167],"y":[0.167]},"t":36,"s":[0]},{"i":{"x":[0.833],"y":[0.833]},"o":{"x":[0.167],"y":[0.167]},"t":37,"s":[0]},{"t":75,"s":[100]}],"ix":11},"r":{"a":0,"k":0,"ix":10},"p":{"a":0,"k":[550,800,0],"ix":2},"a":{"a":0,"k":[550,800,0],"ix":1},"s":{"a":0,"k":[100,100,100],"ix":6}},"ao":0,"hasMask":true,"masksProperties":[{"inv":false,"mode":"f","pt":{"a":1,"k":[{"i":{"x":0.833,"y":0.833},"o":{"x":0.167,"y":0.167},"t":0,"s":[{"i":[[23.622,0],[0,-23.62],[-23.62,0],[0,23.621]],"o":[[-23.62,0],[0,23.621],[23.622,0],[0,-23.62]],"v":[[824.318,327.332],[781.55,370.101],[824.318,412.872],[867.089,370.101]],"c":true}]},{"i":{"x":0.833,"y":0.833},"o":{"x":0.167,"y":0.167},"t":36,"s":[{"i":[[23.622,0],[0,-23.62],[-23.62,0],[0,23.621]],"o":[[-23.62,0],[0,23.621],[23.622,0],[0,-23.62]],"v":[[824.318,235.514],[781.55,278.283],[824.318,321.053],[867.089,278.283]],"c":true}]},{"i":{"x":0.833,"y":0.833},"o":{"x":0.167,"y":0.167},"t":37,"s":[{"i":[[23.622,0],[0,-23.62],[-23.62,0],[0,23.621]],"o":[[-23.62,0],[0,23.621],[23.622,0],[0,-23.62]],"v":[[824.318,447.332],[781.55,490.101],[824.318,532.872],[867.089,490.101]],"c":true}]},{"t":75,"s":[{"i":[[23.622,0],[0,-23.62],[-23.62,0],[0,23.621]],"o":[[-23.62,0],[0,23.621],[23.622,0],[0,-23.62]],"v":[[824.318,327.332],[781.55,370.101],[824.318,412.872],[867.089,370.101]],"c":true}]}],"ix":1},"o":{"a":0,"k":100,"ix":3},"x":{"a":0,"k":0,"ix":4},"nm":"Mask 47"}],"sw":1100,"sh":1600,"sc":"#ffffff","ip":0,"op":76,"st":0,"bm":0},{"ddd":0,"ind":4,"ty":1,"nm":"White Solid 2","sr":1,"ks":{"o":{"a":1,"k":[{"i":{"x":[0.833],"y":[0.833]},"o":{"x":[0.167],"y":[0.167]},"t":23,"s":[100]},{"i":{"x":[0.833],"y":[0.833]},"o":{"x":[0.167],"y":[0.167]},"t":42,"s":[0]},{"t":43,"s":[100]}],"ix":11},"r":{"a":0,"k":0,"ix":10},"p":{"a":1,"k":[{"i":{"x":0.833,"y":0.833},"o":{"x":0.167,"y":0.167},"t":0,"s":[550,800,0],"to":[0,0,0],"ti":[0,0,0]},{"i":{"x":0.833,"y":0.833},"o":{"x":0.167,"y":0.167},"t":23,"s":[550,712.381,0],"to":[0,0,0],"ti":[0,0,0]},{"i":{"x":0.833,"y":0.833},"o":{"x":0.167,"y":0.167},"t":42,"s":[550,640,0],"to":[0,0,0],"ti":[0,0,0]},{"i":{"x":0.833,"y":0.833},"o":{"x":0.167,"y":0.167},"t":43,"s":[550,940,0],"to":[0,0,0],"ti":[0,0,0]},{"t":75,"s":[550,800,0]}],"ix":2},"a":{"a":0,"k":[550,800,0],"ix":1},"s":{"a":0,"k":[100,100,100],"ix":6}},"ao":0,"hasMask":true,"masksProperties":[{"inv":false,"mode":"f","pt":{"a":0,"k":{"i":[[12.458,0],[0,-12.458],[-12.456,0],[0,12.456]],"o":[[-12.456,0],[0,12.456],[12.458,0],[0,-12.458]],"v":[[137.726,600.869],[115.171,623.425],[137.726,645.98],[160.282,623.425]],"c":true},"ix":1},"o":{"a":0,"k":100,"ix":3},"x":{"a":0,"k":0,"ix":4},"nm":"Mask 50"}],"sw":1100,"sh":1600,"sc":"#ffffff","ip":0,"op":76,"st":0,"bm":0},{"ddd":0,"ind":5,"ty":1,"nm":"White Solid 2","sr":1,"ks":{"o":{"a":1,"k":[{"i":{"x":[0.833],"y":[0.833]},"o":{"x":[0.167],"y":[0.167]},"t":41,"s":[100]},{"i":{"x":[0.833],"y":[0.833]},"o":{"x":[0.167],"y":[0.167]},"t":61,"s":[0]},{"t":62,"s":[100]}],"ix":11},"r":{"a":0,"k":0,"ix":10},"p":{"a":1,"k":[{"i":{"x":0.833,"y":0.833},"o":{"x":0.167,"y":0.167},"t":0,"s":[550,800,0],"to":[0,-13.333,0],"ti":[0,-3.333,0]},{"t":61,"s":[550,720,0],"h":1},{"i":{"x":0.833,"y":0.833},"o":{"x":0.167,"y":0.167},"t":62,"s":[550,820,0],"to":[0,13.333,0],"ti":[0,3.333,0]},{"t":76,"s":[550,800,0]}],"ix":2},"a":{"a":0,"k":[550,800,0],"ix":1},"s":{"a":0,"k":[100,100,100],"ix":6}},"ao":0,"hasMask":true,"masksProperties":[{"inv":false,"mode":"f","pt":{"a":0,"k":{"i":[[12.456,0],[0,-12.458],[-12.458,0],[0,12.456]],"o":[[-12.458,0],[0,12.456],[12.456,0],[0,-12.458]],"v":[[1038.409,600.584],[1015.852,623.141],[1038.409,645.696],[1060.963,623.141]],"c":true},"ix":1},"o":{"a":0,"k":100,"ix":3},"x":{"a":0,"k":0,"ix":4},"nm":"Mask 49"}],"sw":1100,"sh":1600,"sc":"#ffffff","ip":0,"op":76,"st":0,"bm":0},{"ddd":0,"ind":6,"ty":1,"nm":"White Solid 2","sr":1,"ks":{"o":{"a":1,"k":[{"i":{"x":[0.833],"y":[0.833]},"o":{"x":[0.167],"y":[0.167]},"t":0,"s":[100]},{"i":{"x":[0.833],"y":[0.833]},"o":{"x":[0.167],"y":[0.167]},"t":18,"s":[0]},{"t":41,"s":[100]}],"ix":11},"r":{"a":0,"k":0,"ix":10},"p":{"a":1,"k":[{"i":{"x":0.833,"y":0.833},"o":{"x":0.167,"y":0.167},"t":0,"s":[550,660,0],"to":[0,-5,0],"ti":[0,-26.667,0]},{"i":{"x":0.833,"y":0.833},"o":{"x":0.167,"y":0.167},"t":18,"s":[550,630,0],"to":[0,26.667,0],"ti":[0,-5,0]},{"i":{"x":0.833,"y":0.833},"o":{"x":0.167,"y":0.167},"t":19,"s":[550,820,0],"to":[0,5,0],"ti":[0,26.667,0]},{"t":76,"s":[550,660,0]}],"ix":2},"a":{"a":0,"k":[550,800,0],"ix":1},"s":{"a":0,"k":[100,100,100],"ix":6}},"ao":0,"hasMask":true,"masksProperties":[{"inv":false,"mode":"f","pt":{"a":0,"k":{"i":[[6.459,0],[0,-6.459],[-6.461,0],[0,6.461]],"o":[[-6.461,0],[0,6.461],[6.459,0],[0,-6.459]],"v":[[837.834,924.714],[826.137,936.411],[837.834,948.108],[849.53,936.411]],"c":true},"ix":1},"o":{"a":0,"k":100,"ix":3},"x":{"a":0,"k":0,"ix":4},"nm":"Mask 54"}],"sw":1100,"sh":1600,"sc":"#ffffff","ip":0,"op":76,"st":0,"bm":0},{"ddd":0,"ind":7,"ty":1,"nm":"White Solid 2","sr":1,"ks":{"o":{"a":1,"k":[{"i":{"x":[0.833],"y":[0.833]},"o":{"x":[0.167],"y":[0.167]},"t":14,"s":[100]},{"i":{"x":[0.833],"y":[0.833]},"o":{"x":[0.167],"y":[0.167]},"t":32,"s":[0]},{"t":55,"s":[100]}],"ix":11},"r":{"a":0,"k":0,"ix":10},"p":{"a":1,"k":[{"i":{"x":0.833,"y":0.833},"o":{"x":0.167,"y":0.167},"t":0,"s":[550,700,0],"to":[0,-11.667,0],"ti":[0,-20,0]},{"i":{"x":0.833,"y":0.833},"o":{"x":0.167,"y":0.167},"t":32,"s":[550,630,0],"to":[0,20,0],"ti":[0,-11.667,0]},{"i":{"x":0.833,"y":0.833},"o":{"x":0.167,"y":0.167},"t":33,"s":[550,820,0],"to":[0,11.667,0],"ti":[0,20,0]},{"t":76,"s":[550,700,0]}],"ix":2},"a":{"a":0,"k":[550,800,0],"ix":1},"s":{"a":0,"k":[100,100,100],"ix":6}},"ao":0,"hasMask":true,"masksProperties":[{"inv":false,"mode":"f","pt":{"a":0,"k":{"i":[[0.064,-1.403],[1.403,0.064],[-0.063,1.403],[-1.402,-0.064]],"o":[[-0.063,1.403],[-1.403,-0.063],[0.064,-1.402],[1.403,0.064]],"v":[[50.513,521.225],[47.858,523.649],[45.434,520.994],[48.089,518.57]],"c":true},"ix":1},"o":{"a":0,"k":100,"ix":3},"x":{"a":0,"k":0,"ix":4},"nm":"Mask 13"},{"inv":false,"mode":"f","pt":{"a":0,"k":{"i":[[0.087,-1.915],[1.915,0.087],[-0.087,1.915],[-1.915,-0.087]],"o":[[-0.087,1.915],[-1.915,-0.087],[0.087,-1.916],[1.915,0.087]],"v":[[403.571,1093.663],[399.946,1096.972],[396.637,1093.347],[400.262,1090.037]],"c":true},"ix":1},"o":{"a":0,"k":100,"ix":3},"x":{"a":0,"k":0,"ix":4},"nm":"Mask 21"}],"sw":1100,"sh":1600,"sc":"#ffffff","ip":0,"op":76,"st":0,"bm":0},{"ddd":0,"ind":8,"ty":1,"nm":"White Solid 2","sr":1,"ks":{"o":{"a":0,"k":100,"ix":11},"r":{"a":0,"k":0,"ix":10},"p":{"a":0,"k":[550,800,0],"ix":2},"a":{"a":0,"k":[550,800,0],"ix":1},"s":{"a":0,"k":[100,100,100],"ix":6}},"ao":0,"hasMask":true,"masksProperties":[{"inv":false,"mode":"f","pt":{"a":0,"k":{"i":[[0.101,-2.211],[2.211,0.101],[-0.101,2.212],[-2.211,-0.101]],"o":[[-0.101,2.212],[-2.211,-0.101],[0.101,-2.211],[2.211,0.101]],"v":[[330.317,420.646],[326.13,424.469],[322.308,420.282],[326.495,416.46]],"c":true},"ix":1},"o":{"a":0,"k":100,"ix":3},"x":{"a":0,"k":0,"ix":4},"nm":"Mask 9"},{"inv":false,"mode":"f","pt":{"a":0,"k":{"i":[[0.064,-1.403],[1.403,0.064],[-0.064,1.403],[-1.403,-0.064]],"o":[[-0.064,1.402],[-1.403,-0.064],[0.063,-1.402],[1.402,0.063]],"v":[[587.836,373.142],[585.181,375.566],[582.757,372.91],[585.412,370.486]],"c":true},"ix":1},"o":{"a":0,"k":100,"ix":3},"x":{"a":0,"k":0,"ix":4},"nm":"Mask 10"},{"inv":false,"mode":"f","pt":{"a":0,"k":{"i":[[0.064,-1.402],[1.403,0.063],[-0.063,1.403],[-1.402,-0.063]],"o":[[-0.064,1.403],[-1.403,-0.064],[0.064,-1.403],[1.403,0.064]],"v":[[739.513,1027.907],[736.858,1030.332],[734.434,1027.676],[737.089,1025.252]],"c":true},"ix":1},"o":{"a":0,"k":100,"ix":3},"x":{"a":0,"k":0,"ix":4},"nm":"Mask 11"},{"inv":false,"mode":"f","pt":{"a":0,"k":{"i":[[0.064,-1.403],[1.403,0.064],[-0.064,1.403],[-1.403,-0.064]],"o":[[-0.063,1.402],[-1.402,-0.063],[0.063,-1.402],[1.402,0.063]],"v":[[115.168,111.885],[112.513,114.309],[110.089,111.653],[112.744,109.229]],"c":true},"ix":1},"o":{"a":0,"k":100,"ix":3},"x":{"a":0,"k":0,"ix":4},"nm":"Mask 12"},{"inv":false,"mode":"f","pt":{"a":0,"k":{"i":[[0.063,-1.403],[1.402,0.063],[-0.064,1.402],[-1.403,-0.064]],"o":[[-0.064,1.403],[-1.403,-0.064],[0.064,-1.403],[1.403,0.063]],"v":[[585.294,92.778],[582.639,95.202],[580.214,92.547],[582.87,90.123]],"c":true},"ix":1},"o":{"a":0,"k":100,"ix":3},"x":{"a":0,"k":0,"ix":4},"nm":"Mask 14"},{"inv":false,"mode":"f","pt":{"a":0,"k":{"i":[[0.064,-1.403],[1.403,0.064],[-0.064,1.403],[-1.402,-0.064]],"o":[[-0.064,1.402],[-1.403,-0.063],[0.064,-1.402],[1.403,0.063]],"v":[[704.083,933.984],[701.427,936.408],[699.003,933.753],[701.658,931.329]],"c":true},"ix":1},"o":{"a":0,"k":100,"ix":3},"x":{"a":0,"k":0,"ix":4},"nm":"Mask 15"},{"inv":false,"mode":"f","pt":{"a":0,"k":{"i":[[0.064,-1.403],[1.403,0.063],[-0.064,1.402],[-1.403,-0.064]],"o":[[-0.064,1.403],[-1.403,-0.064],[0.063,-1.403],[1.403,0.064]],"v":[[347.501,925],[344.846,927.424],[342.422,924.769],[345.077,922.344]],"c":true},"ix":1},"o":{"a":0,"k":100,"ix":3},"x":{"a":0,"k":0,"ix":4},"nm":"Mask 16"},{"inv":false,"mode":"f","pt":{"a":0,"k":{"i":[[0.064,-1.403],[1.403,0.064],[-0.064,1.403],[-1.403,-0.064]],"o":[[-0.064,1.402],[-1.403,-0.063],[0.063,-1.402],[1.402,0.063]],"v":[[590.273,290.564],[587.618,292.988],[585.193,290.333],[587.849,287.909]],"c":true},"ix":1},"o":{"a":0,"k":100,"ix":3},"x":{"a":0,"k":0,"ix":4},"nm":"Mask 17"},{"inv":false,"mode":"f","pt":{"a":0,"k":{"i":[[0.176,-3.879],[3.878,0.176],[-0.176,3.878],[-3.878,-0.176]],"o":[[-0.176,3.878],[-3.878,-0.177],[0.177,-3.878],[3.878,0.176]],"v":[[543.569,1190.119],[536.227,1196.822],[529.523,1189.48],[536.866,1182.777]],"c":true},"ix":1},"o":{"a":0,"k":100,"ix":3},"x":{"a":0,"k":0,"ix":4},"nm":"Mask 19"},{"inv":false,"mode":"f","pt":{"a":0,"k":{"i":[[0.087,-1.915],[1.915,0.087],[-0.087,1.915],[-1.915,-0.087]],"o":[[-0.087,1.915],[-1.915,-0.087],[0.087,-1.915],[1.915,0.087]],"v":[[666.716,1089.715],[663.091,1093.024],[659.781,1089.399],[663.406,1086.09]],"c":true},"ix":1},"o":{"a":0,"k":100,"ix":3},"x":{"a":0,"k":0,"ix":4},"nm":"Mask 20"},{"inv":false,"mode":"f","pt":{"a":0,"k":{"i":[[0.087,-1.915],[1.915,0.087],[-0.087,1.915],[-1.915,-0.087]],"o":[[-0.087,1.915],[-1.915,-0.087],[0.087,-1.915],[1.915,0.087]],"v":[[141.194,760.198],[137.569,763.508],[134.259,759.882],[137.884,756.572]],"c":true},"ix":1},"o":{"a":0,"k":100,"ix":3},"x":{"a":0,"k":0,"ix":4},"nm":"Mask 22"},{"inv":false,"mode":"f","pt":{"a":0,"k":{"i":[[0.087,-1.915],[1.915,0.087],[-0.087,1.915],[-1.915,-0.087]],"o":[[-0.087,1.915],[-1.915,-0.087],[0.087,-1.915],[1.915,0.087]],"v":[[214.564,763.669],[210.939,766.979],[207.63,763.354],[211.255,760.043]],"c":true},"ix":1},"o":{"a":0,"k":100,"ix":3},"x":{"a":0,"k":0,"ix":4},"nm":"Mask 23"},{"inv":false,"mode":"f","pt":{"a":0,"k":{"i":[[0.201,-4.423],[4.423,0.201],[-0.201,4.423],[-4.423,-0.201]],"o":[[-0.201,4.423],[-4.423,-0.201],[0.201,-4.423],[4.423,0.201]],"v":[[570.137,426.992],[561.764,434.637],[554.119,426.264],[562.492,418.619]],"c":true},"ix":1},"o":{"a":0,"k":100,"ix":3},"x":{"a":0,"k":0,"ix":4},"nm":"Mask 24"},{"inv":false,"mode":"f","pt":{"a":0,"k":{"i":[[0.201,-4.423],[4.423,0.201],[-0.201,4.423],[-4.423,-0.201]],"o":[[-0.202,4.423],[-4.423,-0.201],[0.201,-4.423],[4.423,0.202]],"v":[[747.525,280.253],[739.151,287.898],[731.507,279.525],[739.88,271.88]],"c":true},"ix":1},"o":{"a":0,"k":100,"ix":3},"x":{"a":0,"k":0,"ix":4},"nm":"Mask 25"},{"inv":false,"mode":"f","pt":{"a":0,"k":{"i":[[0.201,-4.423],[4.423,0.201],[-0.201,4.423],[-4.423,-0.201]],"o":[[-0.201,4.423],[-4.423,-0.201],[0.201,-4.423],[4.423,0.201]],"v":[[1021.705,510.521],[1013.332,518.166],[1005.687,509.792],[1014.06,502.148]],"c":true},"ix":1},"o":{"a":0,"k":100,"ix":3},"x":{"a":0,"k":0,"ix":4},"nm":"Mask 26"},{"inv":false,"mode":"f","pt":{"a":0,"k":{"i":[[0,0],[0,0],[2.779,0],[0,0],[0,0],[0,2.779],[0,0],[0,0],[-2.779,0],[0,0],[0,0],[0,-2.779],[0,0],[0,0],[0,0],[0,0],[0,0.099],[3.428,0.156],[0,0],[0.095,0],[0.156,-3.429],[0,0],[0,0],[0,-0.096],[-3.429,-0.157],[0,0],[-0.1,0],[-0.157,3.428],[0,0]],"o":[[0,0],[-0.127,2.806],[0,0],[0,0],[-2.807,-0.127],[0,0],[0,0],[0.127,-2.806],[0,0],[0,0],[2.805,0.126],[0,0],[0,0],[0,0],[0,0],[0.003,-0.095],[0,-3.399],[0,0],[-0.105,-0.005],[-3.399,0],[0,0],[0,0],[-0.005,0.104],[0,3.398],[0,0],[0.093,0.004],[3.399,0],[0,0],[0,0]],"v":[[51.239,699.39],[50.659,699.363],[45.435,704.359],[45.189,704.354],[45.193,704.354],[40.197,699.129],[40.203,698.893],[40.203,698.887],[45.426,693.891],[45.664,693.897],[45.669,693.897],[50.665,699.12],[50.659,699.368],[50.659,699.363],[51.239,699.39],[51.818,699.411],[51.824,699.12],[45.721,692.738],[45.726,692.738],[45.426,692.731],[39.044,698.835],[39.624,698.861],[39.044,698.829],[39.037,699.129],[45.14,705.512],[45.145,705.512],[45.435,705.519],[51.818,699.416],[51.818,699.411]],"c":true},"ix":1},"o":{"a":0,"k":100,"ix":3},"x":{"a":0,"k":0,"ix":4},"nm":"Mask 27"},{"inv":false,"mode":"f","pt":{"a":0,"k":{"i":[[0.146,-3.208],[3.208,0.146],[-0.146,3.208],[-3.208,-0.146]],"o":[[-0.146,3.207],[-3.208,-0.146],[0.146,-3.208],[3.208,0.146]],"v":[[457.981,936.446],[451.91,941.989],[446.366,935.917],[452.438,930.374]],"c":true},"ix":1},"o":{"a":0,"k":100,"ix":3},"x":{"a":0,"k":0,"ix":4},"nm":"Mask 28"},{"inv":false,"mode":"f","pt":{"a":0,"k":{"i":[[0,0],[0,0],[2.78,0],[0,0],[0,0],[0,0],[0,2.779],[0,0],[0,0],[-2.78,0],[0,0],[0,0],[0,-2.78],[0.002,-0.092],[0,0],[0,0],[0,0],[0,0],[0,0.099],[3.429,0.156],[0,0],[0,0],[0.095,0],[0.156,-3.43],[0,0],[0,0],[0,-0.096],[-3.429,-0.156],[0,0],[-0.1,0],[-0.157,3.428],[0,0]],"o":[[0,0],[-0.127,2.806],[0,0],[0,0],[0,0],[-2.806,-0.127],[0,0],[0,0],[0.127,-2.807],[0,0],[0,0],[2.806,0.127],[0,0.078],[0,0],[0,0],[0,0],[0,0],[0.002,-0.091],[0,-3.399],[0,0],[0,0],[-0.107,-0.006],[-3.4,0],[0,0],[0,0],[-0.005,0.104],[0,3.399],[0,0],[0.091,0.003],[3.398,0],[0,0],[0,0]],"v":[[199.786,451.408],[199.206,451.381],[193.982,456.376],[193.733,456.371],[193.714,456.951],[193.74,456.372],[188.744,451.147],[188.75,450.911],[188.75,450.905],[193.974,445.909],[194.208,445.915],[194.216,445.915],[199.21,451.139],[199.206,451.393],[199.786,451.408],[199.206,451.381],[199.786,451.408],[200.365,451.423],[200.37,451.139],[194.268,444.756],[194.242,445.336],[194.276,444.757],[193.974,444.749],[187.591,450.853],[188.17,450.879],[187.591,450.847],[187.584,451.147],[193.688,457.53],[193.694,457.531],[193.982,457.536],[200.365,451.435],[200.365,451.423]],"c":true},"ix":1},"o":{"a":0,"k":100,"ix":3},"x":{"a":0,"k":0,"ix":4},"nm":"Mask 29"},{"inv":false,"mode":"f","pt":{"a":0,"k":{"i":[[0.201,-4.423],[4.423,0.201],[-0.201,4.423],[-4.423,-0.201]],"o":[[-0.201,4.423],[-4.423,-0.201],[0.201,-4.423],[4.423,0.201]],"v":[[481.411,503.85],[473.037,511.494],[465.393,503.121],[473.766,495.477]],"c":true},"ix":1},"o":{"a":0,"k":100,"ix":3},"x":{"a":0,"k":0,"ix":4},"nm":"Mask 30"},{"inv":false,"mode":"f","pt":{"a":0,"k":{"i":[[0.201,-4.423],[4.423,0.201],[-0.201,4.423],[-4.423,-0.201]],"o":[[-0.201,4.423],[-4.423,-0.201],[0.201,-4.423],[4.423,0.201]],"v":[[913.013,451.501],[904.64,459.146],[896.996,450.772],[905.369,443.128]],"c":true},"ix":1},"o":{"a":0,"k":100,"ix":3},"x":{"a":0,"k":0,"ix":4},"nm":"Mask 31"},{"inv":false,"mode":"f","pt":{"a":0,"k":{"i":[[0.201,-4.423],[4.423,0.201],[-0.201,4.423],[-4.423,-0.201]],"o":[[-0.201,4.423],[-4.423,-0.201],[0.201,-4.423],[4.423,0.201]],"v":[[1037.739,336.373],[1029.366,344.018],[1021.722,335.645],[1030.095,328]],"c":true},"ix":1},"o":{"a":0,"k":100,"ix":3},"x":{"a":0,"k":0,"ix":4},"nm":"Mask 32"},{"inv":false,"mode":"f","pt":{"a":0,"k":{"i":[[0.201,-4.423],[4.423,0.201],[-0.201,4.423],[-4.423,-0.202]],"o":[[-0.201,4.423],[-4.423,-0.201],[0.201,-4.423],[4.423,0.201]],"v":[[944.176,171.53],[935.803,179.174],[928.158,170.801],[936.531,163.157]],"c":true},"ix":1},"o":{"a":0,"k":100,"ix":3},"x":{"a":0,"k":0,"ix":4},"nm":"Mask 33"},{"inv":false,"mode":"f","pt":{"a":0,"k":{"i":[[0,-4.312],[4.312,0],[0,4.312],[-4.312,0]],"o":[[0,4.312],[-4.312,0],[0,-4.312],[4.312,0]],"v":[[607.606,917.077],[599.799,924.884],[591.992,917.077],[599.799,909.27]],"c":true},"ix":1},"o":{"a":0,"k":100,"ix":3},"x":{"a":0,"k":0,"ix":4},"nm":"Mask 34"},{"inv":false,"mode":"f","pt":{"a":0,"k":{"i":[[0,0],[0,0],[5.099,0],[0.148,0.006],[0,5.099],[-0.008,0.146],[-5.099,0],[-0.148,-0.008],[0,-5.099],[0.006,-0.15],[0,0],[0,0],[0,0.153],[5.366,0.244],[0.152,0],[0.244,-5.367],[0,-0.153],[-5.367,-0.245],[-0.154,0],[-0.245,5.367]],"o":[[0,0],[-0.234,5.146],[-0.147,0],[-5.145,-0.234],[0,-0.148],[0.233,-5.148],[0.147,0],[5.147,0.233],[0,0.146],[0,0],[0,0],[0.006,-0.155],[0,-5.319],[-0.157,-0.008],[-5.319,0],[-0.008,0.154],[0,5.319],[0.155,0.006],[5.319,0],[0,0]],"v":[[963.779,777.629],[963.573,777.619],[953.994,786.779],[953.549,786.77],[944.389,777.19],[944.4,776.749],[953.978,767.586],[954.421,767.597],[963.583,777.176],[963.573,777.62],[963.779,777.629],[963.984,777.637],[963.994,777.176],[954.441,767.186],[953.978,767.175],[943.988,776.728],[943.978,777.19],[953.531,787.181],[953.994,787.19],[963.984,777.638]],"c":true},"ix":1},"o":{"a":0,"k":100,"ix":3},"x":{"a":0,"k":0,"ix":4},"nm":"Mask 35"},{"inv":false,"mode":"f","pt":{"a":0,"k":{"i":[[0,0],[0,0],[2.065,0],[0,0],[0,2.065],[0,0],[0,0],[-2.065,0],[0,0],[0,0],[0,-2.065],[0,0],[0,0],[0,0],[0,0],[0,0],[2.41,0.109],[0,0],[0,0],[0,0],[0.11,-2.41],[0,0],[0,0],[0,0],[-2.41,-0.11],[0,0],[-0.11,2.41],[0,0]],"o":[[0,0],[-0.095,2.084],[0,0],[-2.083,-0.095],[0,0],[0,0],[0.094,-2.085],[0,0],[0,0],[2.084,0.094],[0,0],[0,0],[0,0],[0,0],[0,0],[0,-2.389],[0,0],[0,0],[0,0],[-2.389,0],[0,0],[0,0],[0,0],[0,2.389],[0,0],[2.389,0],[0,0],[0,0]],"v":[[560.602,1166.413],[560.298,1166.398],[556.417,1170.109],[556.236,1170.105],[552.526,1166.224],[552.531,1166.055],[552.531,1166.045],[556.412,1162.333],[556.583,1162.338],[556.591,1162.338],[560.302,1166.218],[560.298,1166.401],[560.298,1166.398],[560.602,1166.413],[560.904,1166.423],[560.908,1166.218],[556.619,1161.732],[556.605,1162.036],[556.628,1161.733],[556.412,1161.727],[551.925,1166.018],[552.229,1166.032],[551.926,1166.008],[551.92,1166.224],[556.21,1170.711],[556.417,1170.715],[560.904,1166.426],[560.904,1166.423]],"c":true},"ix":1},"o":{"a":0,"k":100,"ix":3},"x":{"a":0,"k":0,"ix":4},"nm":"Mask 36"},{"inv":false,"mode":"f","pt":{"a":0,"k":{"i":[[0,0],[0,0],[2.408,0],[0.414,0.097],[0,2.407],[-0.1,0.411],[-2.408,0],[-0.414,-0.1],[0,-2.407],[0.098,-0.416],[0,0],[0,0],[0,0.471],[2.827,0.672],[0.47,0],[0.672,-2.827],[0,-0.471],[-2.827,-0.673],[-0.472,0],[-0.673,2.828]],"o":[[0,0],[-0.581,2.446],[-0.407,0],[-2.445,-0.581],[0,-0.408],[0.581,-2.448],[0.407,0],[2.447,0.58],[0,0.407],[0,0],[0,0],[0.113,-0.478],[0,-2.786],[-0.478,-0.116],[-2.786,0],[-0.116,0.476],[0,2.786],[0.476,0.112],[2.786,0],[0,0]],"v":[[402.214,471.575],[401.81,471.479],[396.636,475.571],[395.401,475.426],[391.309,470.253],[391.455,469.021],[396.627,464.925],[397.861,465.072],[401.955,470.244],[401.81,471.479],[402.214,471.575],[402.618,471.67],[402.785,470.244],[398.055,464.265],[396.627,464.096],[390.648,468.827],[390.479,470.253],[395.21,476.234],[396.636,476.401],[402.617,471.671]],"c":true},"ix":1},"o":{"a":0,"k":100,"ix":3},"x":{"a":0,"k":0,"ix":4},"nm":"Mask 37"},{"inv":false,"mode":"f","pt":{"a":0,"k":{"i":[[0,0],[0,0],[0.757,-0.757],[1.155,0],[0.757,0.757],[0,1.155],[-0.757,0.757],[-1.155,0],[-0.757,-0.757],[0,-1.155],[0,0],[0,0],[2.668,0],[0,-2.668],[-2.668,0],[0,2.668]],"o":[[0,0],[0,1.155],[-0.757,0.757],[-1.155,0],[-0.757,-0.757],[0,-1.155],[0.757,-0.757],[1.155,0],[0.757,0.757],[0,0],[0,0],[0,-2.668],[-2.668,0],[0,2.668],[2.668,0],[0,0]],"v":[[485.04,919.363],[484.714,919.363],[483.49,922.318],[480.535,923.542],[477.58,922.318],[476.356,919.363],[477.58,916.408],[480.535,915.184],[483.49,916.408],[484.714,919.363],[485.04,919.363],[485.366,919.363],[480.535,914.532],[475.704,919.363],[480.535,924.194],[485.366,919.363]],"c":true},"ix":1},"o":{"a":0,"k":100,"ix":3},"x":{"a":0,"k":0,"ix":4},"nm":"Mask 39"},{"inv":false,"mode":"f","pt":{"a":0,"k":{"i":[[0,0],[0,0],[2.28,0],[0,0],[0,0],[0,0],[0,2.28],[0,0],[0,0],[-2.278,0],[0,0],[0,0],[0,-2.28],[0,0],[0,0],[0,0],[0,0],[0,0],[0,0],[2.661,0.121],[0,0],[0,0],[0,0],[0.121,-2.66],[0,0],[0,0],[0,0],[-2.661,-0.122],[0,0],[0,0],[-0.122,2.66],[0,0]],"o":[[0,0],[-0.104,2.301],[0,0],[0,0],[0,0],[-2.302,-0.104],[0,0],[0,0],[0.104,-2.302],[0,0],[0,0],[2.301,0.104],[0,0],[0,0],[0,0],[0,0],[0,0],[0,0],[0,-2.637],[0,0],[0,0],[0,0],[-2.636,0],[0,0],[0,0],[0,0],[0,2.637],[0,0],[0,0],[2.637,0],[0,0],[0,0]],"v":[[892.156,410.708],[891.821,410.692],[887.537,414.788],[887.331,414.784],[887.324,415.119],[887.339,414.785],[883.242,410.499],[883.247,410.308],[883.247,410.302],[887.529,406.205],[887.724,406.21],[887.729,406.21],[891.825,410.494],[891.821,410.698],[892.156,410.708],[891.821,410.692],[892.156,410.708],[892.49,410.716],[892.494,410.494],[887.759,405.542],[887.744,405.876],[887.764,405.542],[887.529,405.536],[882.578,410.271],[882.913,410.287],[882.578,410.266],[882.572,410.499],[887.309,415.453],[887.317,415.454],[887.537,415.458],[892.49,410.723],[892.49,410.716]],"c":true},"ix":1},"o":{"a":0,"k":100,"ix":3},"x":{"a":0,"k":0,"ix":4},"nm":"Mask 40"},{"inv":false,"mode":"f","pt":{"a":0,"k":{"i":[[0,0],[0,0],[2.279,0],[0,0],[0,0],[0,0],[0,2.279],[0,0],[0,0],[-2.278,0],[0,0],[0,0],[0,-2.28],[0,0],[0,0],[0,0],[0,0],[0,0],[0,0],[2.66,0.121],[0,0],[0,0],[0,0],[0.121,-2.66],[0,0],[0,0],[0,0],[-2.66,-0.122],[0,0],[0,0],[-0.122,2.66],[0,0]],"o":[[0,0],[-0.105,2.301],[0,0],[0,0],[0,0],[-2.302,-0.105],[0,0],[0,0],[0.104,-2.302],[0,0],[0,0],[2.301,0.104],[0,0],[0,0],[0,0],[0,0],[0,0],[0,0],[0,-2.637],[0,0],[0,0],[0,0],[-2.636,0],[0,0],[0,0],[0,0],[0,2.637],[0,0],[0,0],[2.636,0],[0,0],[0,0]],"v":[[812.445,382.771],[812.111,382.756],[807.827,386.852],[807.622,386.848],[807.613,387.183],[807.628,386.848],[803.531,382.564],[803.536,382.371],[803.536,382.366],[807.818,378.269],[808.013,378.273],[808.018,378.273],[812.114,382.558],[812.11,382.765],[812.445,382.771],[812.111,382.756],[812.445,382.771],[812.78,382.778],[812.784,382.558],[808.049,377.605],[808.034,377.939],[808.054,377.605],[807.818,377.599],[802.868,382.335],[803.202,382.351],[802.868,382.33],[802.862,382.564],[807.598,387.517],[807.604,387.517],[807.827,387.521],[812.779,382.787],[812.78,382.778]],"c":true},"ix":1},"o":{"a":0,"k":100,"ix":3},"x":{"a":0,"k":0,"ix":4},"nm":"Mask 41"},{"inv":false,"mode":"f","pt":{"a":0,"k":{"i":[[0,0],[0,0],[2.279,0],[0,0],[0,0],[0,0],[0,2.279],[0,0],[0,0],[-2.278,0],[0,0],[0,0],[0,-2.279],[0,0],[0,0],[0,0],[0,0],[0,0],[0,0],[2.66,0.121],[0,0],[0,0],[0,0],[0.121,-2.66],[0,0],[0,0],[0,0],[-2.661,-0.122],[0,0],[0,0],[-0.122,2.661],[0,0]],"o":[[0,0],[-0.105,2.301],[0,0],[0,0],[0,0],[-2.302,-0.105],[0,0],[0,0],[0.104,-2.302],[0,0],[0,0],[2.302,0.104],[0,0],[0,0],[0,0],[0,0],[0,0],[0,0],[0,-2.636],[0,0],[0,0],[0,0],[-2.636,0],[0,0],[0,0],[0,0],[0,2.637],[0,0],[0,0],[2.636,0],[0,0],[0,0]],"v":[[212.248,909.48],[211.913,909.464],[207.63,913.561],[207.425,913.557],[207.416,913.892],[207.431,913.557],[203.333,909.273],[203.338,909.08],[203.338,909.075],[207.621,904.978],[207.815,904.982],[207.82,904.982],[211.917,909.265],[211.913,909.471],[212.248,909.48],[211.913,909.464],[212.248,909.48],[212.582,909.489],[212.586,909.265],[207.851,904.314],[207.836,904.648],[207.856,904.314],[207.621,904.308],[202.67,909.044],[203.004,909.06],[202.67,909.039],[202.664,909.273],[207.4,914.226],[207.407,914.226],[207.63,914.23],[212.582,909.495],[212.582,909.489]],"c":true},"ix":1},"o":{"a":0,"k":100,"ix":3},"x":{"a":0,"k":0,"ix":4},"nm":"Mask 42"},{"inv":false,"mode":"f","pt":{"a":0,"k":{"i":[[0,0],[0,0],[2.279,0],[0,0],[0,0],[0,0],[0,2.28],[0,0],[0,0],[-2.28,0],[0,0],[0,0],[0,-2.279],[0,0],[0,0],[0,0],[0,0],[0,0],[0,0],[2.66,0.121],[0,0],[0,0],[0,0],[0.121,-2.66],[0,0],[0,0],[0,0],[-2.661,-0.121],[0,0],[0,0],[-0.122,2.661],[0,0]],"o":[[0,0],[-0.105,2.301],[0,0],[0,0],[0,0],[-2.301,-0.104],[0,0],[0,0],[0.104,-2.302],[0,0],[0,0],[2.301,0.104],[0,0],[0,0],[0,0],[0,0],[0,0],[0,0],[0,-2.636],[0,0],[0,0],[0,0],[-2.638,0],[0,0],[0,0],[0,0],[0,2.637],[0,0],[0,0],[2.636,0],[0,0],[0,0]],"v":[[766.045,434.855],[765.71,434.84],[761.427,438.936],[761.223,438.932],[761.213,439.267],[761.229,438.932],[757.131,434.648],[757.136,434.456],[757.136,434.45],[761.42,430.353],[761.613,430.357],[761.618,430.357],[765.714,434.641],[765.71,434.846],[766.045,434.855],[765.71,434.84],[766.045,434.855],[766.379,434.864],[766.383,434.641],[761.649,429.689],[761.634,430.023],[761.654,429.689],[761.42,429.683],[756.467,434.419],[756.802,434.435],[756.467,434.414],[756.461,434.648],[761.198,439.601],[761.204,439.601],[761.427,439.605],[766.379,434.871],[766.379,434.864]],"c":true},"ix":1},"o":{"a":0,"k":100,"ix":3},"x":{"a":0,"k":0,"ix":4},"nm":"Mask 43"},{"inv":false,"mode":"f","pt":{"a":0,"k":{"i":[[0,0],[0,0],[2.279,0],[0,0],[0,0],[0,0],[0,2.28],[0,0],[0,0],[-2.28,0],[0,0],[0,0],[0,-2.28],[0,0],[0,0],[0,0],[0,0],[0,0],[0,0],[2.661,0.121],[0,0],[0,0],[0,0],[0.121,-2.661],[0,0],[0,0],[0,0],[-2.661,-0.121],[0,0],[0,0],[-0.122,2.66],[0,0]],"o":[[0,0],[-0.105,2.301],[0,0],[0,0],[0,0],[-2.301,-0.104],[0,0],[0,0],[0.104,-2.302],[0,0],[0,0],[2.301,0.104],[0,0],[0,0],[0,0],[0,0],[0,0],[0,0],[0,-2.637],[0,0],[0,0],[0,0],[-2.637,0],[0,0],[0,0],[0,0],[0,2.637],[0,0],[0,0],[2.636,0],[0,0],[0,0]],"v":[[73.628,310.117],[73.294,310.101],[69.01,314.197],[68.805,314.193],[68.796,314.528],[68.812,314.193],[64.714,309.909],[64.719,309.717],[64.719,309.711],[69.003,305.614],[69.196,305.619],[69.201,305.619],[73.297,309.903],[73.293,310.107],[73.628,310.117],[73.294,310.101],[73.628,310.117],[73.963,310.125],[73.967,309.903],[69.232,304.95],[69.217,305.285],[69.237,304.95],[69.003,304.944],[64.051,309.681],[64.385,309.696],[64.051,309.675],[64.045,309.909],[68.781,314.862],[68.787,314.862],[69.01,314.866],[73.962,310.132],[73.963,310.125]],"c":true},"ix":1},"o":{"a":0,"k":100,"ix":3},"x":{"a":0,"k":0,"ix":4},"nm":"Mask 44"},{"inv":false,"mode":"f","pt":{"a":0,"k":{"i":[[0,0],[0,0],[2.28,0],[0,0],[0,0],[0,0],[0,2.28],[0,0],[0,0],[-2.279,0],[0,0],[0,0],[0,-2.28],[0,0],[0,0],[0,0],[0,0],[0,0],[0,0],[2.66,0.121],[0,0],[0,0],[0,0],[0.121,-2.66],[0,0],[0,0],[0,0],[-2.661,-0.122],[0,0],[0,0],[-0.122,2.66],[0,0]],"o":[[0,0],[-0.104,2.301],[0,0],[0,0],[0,0],[-2.301,-0.104],[0,0],[0,0],[0.104,-2.302],[0,0],[0,0],[2.301,0.104],[0,0],[0,0],[0,0],[0,0],[0,0],[0,0],[0,-2.637],[0,0],[0,0],[0,0],[-2.637,0],[0,0],[0,0],[0,0],[0,2.637],[0,0],[0,0],[2.637,0],[0,0],[0,0]],"v":[[354.668,143.706],[354.333,143.69],[350.049,147.786],[349.843,147.782],[349.836,148.117],[349.852,147.783],[345.754,143.497],[345.759,143.306],[345.759,143.3],[350.042,139.203],[350.236,139.208],[350.241,139.208],[354.337,143.491],[354.333,143.696],[354.668,143.706],[354.333,143.69],[354.668,143.706],[355.002,143.714],[355.006,143.491],[350.272,138.54],[350.257,138.874],[350.277,138.54],[350.042,138.534],[345.09,143.27],[345.425,143.285],[345.09,143.264],[345.084,143.497],[349.821,148.451],[349.829,148.452],[350.049,148.456],[355.002,143.721],[355.002,143.714]],"c":true},"ix":1},"o":{"a":0,"k":100,"ix":3},"x":{"a":0,"k":0,"ix":4},"nm":"Mask 45"},{"inv":false,"mode":"f","pt":{"a":0,"k":{"i":[[3.045,0],[0,-3.045],[-3.046,0],[0,3.048]],"o":[[-3.046,0],[0,3.048],[3.045,0],[0,-3.045]],"v":[[629.759,1107.454],[624.243,1112.97],[629.759,1118.486],[635.274,1112.97]],"c":true},"ix":1},"o":{"a":0,"k":100,"ix":3},"x":{"a":0,"k":0,"ix":4},"nm":"Mask 51"},{"inv":false,"mode":"f","pt":{"a":0,"k":{"i":[[6.461,0],[0,-6.461],[-6.459,0],[0,6.459]],"o":[[-6.459,0],[0,6.459],[6.461,0],[0,-6.461]],"v":[[280.36,948.108],[268.664,959.806],[280.36,971.502],[292.058,959.806]],"c":true},"ix":1},"o":{"a":0,"k":100,"ix":3},"x":{"a":0,"k":0,"ix":4},"nm":"Mask 52"},{"inv":false,"mode":"f","pt":{"a":0,"k":{"i":[[6.461,0],[0,-6.461],[-6.459,0],[0,6.46]],"o":[[-6.459,0],[0,6.46],[6.461,0],[0,-6.461]],"v":[[74.82,408.767],[63.123,420.465],[74.82,432.161],[86.518,420.465]],"c":true},"ix":1},"o":{"a":0,"k":100,"ix":3},"x":{"a":0,"k":0,"ix":4},"nm":"Mask 53"},{"inv":false,"mode":"f","pt":{"a":0,"k":{"i":[[6.459,0],[0,-6.461],[-6.459,0],[0,6.459]],"o":[[-6.459,0],[0,6.459],[6.459,0],[0,-6.461]],"v":[[725.276,412.583],[713.579,424.28],[725.276,435.978],[736.974,424.28]],"c":true},"ix":1},"o":{"a":0,"k":100,"ix":3},"x":{"a":0,"k":0,"ix":4},"nm":"Mask 55"},{"inv":false,"mode":"f","pt":{"a":0,"k":{"i":[[6.459,0],[0,-6.459],[-6.459,0],[0,6.461]],"o":[[-6.459,0],[0,6.461],[6.459,0],[0,-6.459]],"v":[[976.376,680.262],[964.678,691.959],[976.376,703.657],[988.073,691.959]],"c":true},"ix":1},"o":{"a":0,"k":100,"ix":3},"x":{"a":0,"k":0,"ix":4},"nm":"Mask 56"}],"sw":1100,"sh":1600,"sc":"#ffffff","ip":0,"op":76,"st":0,"bm":0}],"markers":[{"tm":14,"cm":"","dr":0},{"tm":32,"cm":"","dr":0},{"tm":52,"cm":"","dr":0},{"tm":67,"cm":"","dr":0}]}